{
    "uvs":[[1,0,1,1,0,1,0,0,0.792014,0,0.792014,1,0.207986,1,0.207986,0,0,0.207986,1,0.207986,1,0.792014,0,0.792014,1.00001,-3.23459,5.96293e-06,-3.23459,0.999998,-3.23459,-2.29344e-06,-3.23459,2.17567e-06,4.23459,1,4.23459,-4.72944e-06,4.23459,0.999995,4.23459]],
    "normals":[0,0,-0.999969,0,0,-1,0,0,0.999969,0,0,1,0.999969,0,0,1,0,0,-0.999969,0,0,-1,0,0,0,0.36021,-0.932859,0,0.36021,0.932859,0.932859,0.36021,0,-0.932859,0.36021,0,-0.648976,0.396985,-0.648976,0.648976,0.396985,-0.648976,0.648976,0.396985,0.648976,-0.648976,0.396985,0.648976,0,-1,0,0,1,0],
    "materials":[{
        "blending":1,
        "shading":"lambert",
        "vertexColors":false,
        "visible":true,
        "doubleSided":false,
        "colorEmissive":[0,0,0],
        "DbgName":"01 - Default",
        "DbgColor":15658734,
        "DbgIndex":0,
        "wireframe":false,
        "colorDiffuse":[0.574118,0.310588,0.310588],
        "transparent":false,
        "depthWrite":true,
        "opacity":1,
        "depthTest":true
    }],
    "faces":[42,24,27,29,0,0,1,2,0,1,1,42,30,31,25,0,2,3,0,0,1,1,42,34,37,39,0,3,0,1,2,3,2,42,39,41,34,0,1,2,3,2,3,2,42,32,3,40,0,3,0,1,4,5,5,42,7,38,33,0,1,2,3,4,5,5,42,28,26,35,0,3,0,1,6,7,7,42,4,6,2,0,1,2,3,6,7,7,42,42,44,46,0,4,5,6,8,8,8,42,47,49,43,0,6,7,4,8,8,8,42,55,50,51,0,7,4,5,9,9,9,42,51,53,55,0,5,6,7,9,9,9,42,56,58,60,0,8,9,10,10,10,10,42,61,63,57,0,10,11,8,10,10,10,42,64,67,68,0,8,9,10,11,11,11,42,69,70,65,0,10,11,8,11,11,11,42,8,16,66,0,12,9,8,12,12,12,42,66,45,8,0,8,13,12,12,12,12,42,48,59,17,0,14,9,8,13,13,13,42,17,9,48,0,8,15,14,13,13,13,42,21,13,62,0,16,11,10,14,14,14,42,62,52,21,0,10,17,16,14,14,14,42,54,71,12,0,18,11,10,15,15,15,42,12,20,54,0,10,19,18,15,15,15,42,5,36,0,0,2,3,0,16,16,16,42,0,1,5,0,0,3,2,16,16,16,42,10,14,22,0,8,11,18,17,17,17,42,22,23,15,0,18,5,10,17,17,17,42,15,19,11,0,10,9,14,17,17,17,42,22,15,11,0,18,10,14,17,17,17,42,10,22,11,0,8,18,14,17,17,17,42,18,10,11,0,5,8,14,17,17,17],
    "vertices":[-0.0112202,0.545109,0.287961,0.0112203,0.545109,0.287961,-0.0112202,0.606197,0.287961,0.0112203,0.606197,0.287961,-0.0112202,0.545109,0.310401,0.0112203,0.545109,0.310401,-0.0112202,0.606197,0.310401,0.0112203,0.606197,0.310401,-0.0464324,0.531523,0.219677,0.0464324,0.531523,0.219677,-0.0742574,0.545109,0.255813,0.0433684,0.545109,0.224924,-0.0795038,0.531523,0.345613,0.0795038,0.531523,0.345613,-0.0742574,0.545109,0.342549,0.0742575,0.545109,0.342549,-0.0795038,0.531523,0.252749,0.0795038,0.531523,0.252749,-0.0433684,0.545109,0.224924,0.0742575,0.545109,0.255813,-0.0464324,0.531523,0.378685,0.0464324,0.531523,0.378685,-0.0433684,0.545109,0.373438,0.0433684,0.545109,0.373438,-0.0112202,0.545109,0.287961,-0.0112202,0.545109,0.287961,-0.0112202,0.545109,0.287961,-0.0112202,0.606197,0.287961,-0.0112202,0.606197,0.287961,0.0112203,0.606197,0.287961,0.0112203,0.606197,0.287961,0.0112203,0.545109,0.287961,0.0112203,0.545109,0.287961,0.0112203,0.545109,0.287961,-0.0112202,0.545109,0.310401,-0.0112202,0.545109,0.310401,-0.0112202,0.545109,0.310401,0.0112203,0.545109,0.310401,0.0112203,0.545109,0.310401,0.0112203,0.606197,0.310401,0.0112203,0.606197,0.310401,-0.0112202,0.606197,0.310401,-0.0464324,0.531523,0.219677,-0.0464324,0.531523,0.219677,-0.0433684,0.545109,0.224924,-0.0433684,0.545109,0.224924,0.0433684,0.545109,0.224924,0.0433684,0.545109,0.224924,0.0433684,0.545109,0.224924,0.0464324,0.531523,0.219677,0.0464324,0.531523,0.378685,0.0433684,0.545109,0.373438,0.0433684,0.545109,0.373438,-0.0433684,0.545109,0.373438,-0.0433684,0.545109,0.373438,-0.0464324,0.531523,0.378685,0.0795038,0.531523,0.252749,0.0795038,0.531523,0.252749,0.0742575,0.545109,0.255813,0.0742575,0.545109,0.255813,0.0742575,0.545109,0.342549,0.0742575,0.545109,0.342549,0.0742575,0.545109,0.342549,0.0795038,0.531523,0.345613,-0.0742574,0.545109,0.255813,-0.0742574,0.545109,0.255813,-0.0742574,0.545109,0.255813,-0.0795038,0.531523,0.252749,-0.0795038,0.531523,0.345613,-0.0795038,0.531523,0.345613,-0.0742574,0.545109,0.342549,-0.0742574,0.545109,0.342549],
    "metadata":{
        "faces":32,
        "vertices":72,
        "uvs":1,
        "type":"Geometry",
        "version":3,
        "normals":18,
        "generator":"io_three",
        "materials":1,
        "colors":0
    },
    "colors":[]
}