{
    "metadata":{
        "uv":36,
        "version":3,
        "normal":36,
        "position":36,
        "type":"BufferGeometry",
        "generator":"io_three"
    },
    "data":{
        "attributes":{
            "uv":{
                "type":"Float32Array",
                "array":[0.980958,0.273846,0.980958,0.739243,0.529822,0.739243,0.529822,0.739243,0.529822,0.273846,0.980958,0.273846,0.0472768,0.273846,0.498412,0.273846,0.498412,0.739244,0.498412,0.739244,0.0472768,0.739243,0.0472768,0.273846,0.0472767,0.24244,0.498411,0.242438,0.498412,0.273846,0.498412,0.273846,0.0472768,0.273846,0.0472767,0.24244,0.529822,0.273846,0.529822,0.739243,0.498412,0.739244,0.498412,0.739244,0.498412,0.273846,0.529822,0.273846,0.498411,0.770652,0.0472766,0.770649,0.0472768,0.739243,0.0472768,0.739243,0.498412,0.739244,0.498411,0.770652,0.0158696,0.739243,0.0158695,0.273846,0.0472768,0.273846,0.0472768,0.273846,0.0472768,0.739243,0.0158696,0.739243],
                "itemSize":2
            },
            "position":{
                "type":"Float32Array",
                "array":[-0.630702,0.443044,0.65555,-0.630702,0.443044,-0.65555,0.640216,0.443044,-0.65555,0.640216,0.443044,-0.65555,0.640216,0.443044,0.65555,-0.630702,0.443044,0.65555,-0.630702,0.531523,0.65555,0.640216,0.531523,0.65555,0.640216,0.531523,-0.65555,0.640216,0.531523,-0.65555,-0.630702,0.531523,-0.65555,-0.630702,0.531523,0.65555,-0.630702,0.443044,0.65555,0.640216,0.443044,0.65555,0.640216,0.531523,0.65555,0.640216,0.531523,0.65555,-0.630702,0.531523,0.65555,-0.630702,0.443044,0.65555,0.640216,0.443044,0.65555,0.640216,0.443044,-0.65555,0.640216,0.531523,-0.65555,0.640216,0.531523,-0.65555,0.640216,0.531523,0.65555,0.640216,0.443044,0.65555,0.640216,0.443044,-0.65555,-0.630702,0.443044,-0.65555,-0.630702,0.531523,-0.65555,-0.630702,0.531523,-0.65555,0.640216,0.531523,-0.65555,0.640216,0.443044,-0.65555,-0.630702,0.443044,-0.65555,-0.630702,0.443044,0.65555,-0.630702,0.531523,0.65555,-0.630702,0.531523,0.65555,-0.630702,0.531523,-0.65555,-0.630702,0.443044,-0.65555],
                "itemSize":3
            },
            "normal":{
                "type":"Float32Array",
                "array":[0,-1,0,0,-1,0,0,-1,0,0,-1,0,0,-1,0,0,-1,0,0,1,0,0,1,0,0,1,0,0,1,0,0,1,0,0,1,0,0,0,1,0,0,1,0,0,1,0,0,1,0,0,1,0,0,1,1,0,0,1,0,0,1,0,0,1,0,0,1,0,0,1,0,0,0,0,-1,0,0,-1,0,0,-1,0,0,-1,0,0,-1,0,0,-1,-1,0,0,-1,0,0,-0.999969,0,0,-0.999969,0,0,-1,0,0,-1,0,0],
                "itemSize":3
            }
        },
        "groups":null
    }
}